matrix,pfas_sum
Biota,8947350
Drinking water,23239.262091000004
Groundwater,559513.4740000055
Sea water,8.885
Sediment,3089984
Surface water,1196955.542275994
Unknown,6791.6
